<?xml version="1.0" encoding="utf-8"?>

<!--  
 	Example of a configuration file
    The file name MUST ALWAYS BE configured.xml (ORTHOGRAPHY AS THIS)
    

    The file is divided into several spaces, categories and data
        - a category represents a SQL table in your SQL database
        - a data corresponds to a column of your SQL table (of your category)

    For the categories (see example below), you have several attributes, the following attributes are mandatory:
        - name = name to display of the category
        - icon = icon to display at the level of the category name, the names of the icons can be found here: https://feathericons.com/
        - dbName = the name of the SQL table
        - identify = the identification column (the one that allows you to find the player's information)
    The optional attributes are:
        - indentifierType = type of the identifier (can be in array format, in this case it is necessary to put: indentifierType="array")
        - listing = defines the type of listing (to be used ONLY IF THE PLAYER'S INFORMATION IS IN MORE LINES)
                    possibility not to put an identifier, in this case all values will be recovered, you will have to put: listing="list"

    For data (see example below), you have 3 attributes, 2 mandatory (name and dbName) and 1 optional (method)
        - name = name of the data to be displayed (may not be required if the category is in listing="list")
        - icon = icon to display at the level of the category name, the names of the icons can be found here: https://feathericons.com/
        - dbName = name of the column in the SQL table
        - method = method to display the data correctly

    
    The methods allow to display your data correctly (to make them prettier), it consists of a command name to display the data correctly,
    and an addition of text (not mandatory) before or after the data

    Example :
	    The value of the data is 100000000, these are euros
	    The number-fr command will display the data as follows: 1000000 => 1 000 000
	    Adding add € text (always separated from a space) will add € at the end: 1 000 000 => 1 000 000 €
	    To add a text in front of it, just use add-before
	    The method will be written as follows: method="number-fr=>add €" (see example)
-->

<UserPanel>
    <category name="Player" icon="user" dbName="players" indentifier="pid">
        <data name="Name" icon="user" dbName="name"/>
        <data name="Money on you" icon="dollar-sign" dbName="cash" method="number-fr=>add €"/>
        <data name="Money in the bank" icon="briefcase" dbName="bankacc" method="number-fr=>add €"/>
        <data name="Phone number" icon="phone" dbName="phone_number"/>
        <data name="Contact list" icon="bookmark" dbName="contact_list" method="array"/>
        <data name="Points on permits" icon="circle" dbName="points_data" method="array=>add point(s)"/>
        <data name="Civil licenses" icon="list" dbName="civ_licenses" method="array-bool"/>
        <data name="Arrived on the server" icon="calendar" dbName="insert_time" method="to-date"/>
        <data name="Last connection" icon="clock" dbName="last_seen" method="to-date"/>
        <data name="Time played" icon="clock" dbName="playtime" method="altislife-playtime"/>
    </category>

    <category name="Gang" icon="users" dbName="gangs" indentifier="members" indentifierType="array">
        <data name="Nom du gang" icon="user" dbName="name"/>
        <data name="Leader" icon="user" dbName="owner" method="to-playerName-steamId"/>
        <data name="Membres" icon="users" dbName="members" method="array-to-playerName-steamId"/>
        <data name="Membres maximum" icon="user-plus" dbName="maxmembers" method="action=>add membre(s)"/>
        <data name="Argent en banque" icon="briefcase" dbName="bank" method="number-fr=>add €"/>
        <data name="Date de création" icon="clock" dbName="insert_time" method="to-date"/>
    </category>

    <category name="Company" icon="briefcase" dbName="entreprises" indentifier="members" indentifierType="array">
        <data name="Name of the company" icon="user" dbName="name"/>
        <data name="Name of the CEO" icon="user" dbName="pdg_name"/>
        <data name="Members" icon="users" dbName="members" method="array-to-playerName-steamId"/>
        <data name="Type of business" icon="shopping-bag" dbName="type"/>
        <data name="Date of creation" icon="clock" dbName="insert_time" method="to-date"/>
        <data name="Money in the bank" icon="briefcase" dbName="bankacc" method="number-fr=>add €"/>
        <data name="Maximum storage 1" icon="archive" dbName="max_stock" method="action=>add kg"/>
        <data name="Maximum storage 2" icon="archive" dbName="max_stock_2" method="action=>add kg"/>
    </category>
    
    <category name="Stock exchange" icon="shopping-cart" dbName="bourse" listing="list">
        <data dbName="itemName"/>
        <data dbName="price" method="number-fr=>add €"/>
    </category>

    <category name="Vehicles" icon="truck" dbName="vehicles" indentifier="pid" listing="list">
        <data dbName="classname"/>
        <data dbName="type"/>
        <data dbName="fuel" method="to-percent=>add-before Pourcentage de carburant -"/>
        <data dbName="custom_color" method="altislife-to-color=>add-before Couleur -"/>
        <data dbName="immatriculation" method="action=>add-before Immatriculation -"/>
    </category>
</UserPanel>