<?xml version="1.0" encoding="utf-8"?>

<!--  
    Exemple de fichier de configuration
    Le nom du fichier DOIT TOUJOURS ETRE config.xml (ORTHOGRAPHIE COMME CECI)
    

    Le fichier se divise en plusieurs espace, les catégories et les datas
        - une catégorie représente une table SQL dans votre base de données SQL
        - une donnée correspond à une colonne de votre table SQL (de votre catégorie)

    Pour les catégories (cf exemple ci-dessous), vous avez plusieurs attributs, sont obligatoires les attributs suivants :
        - name = nom à afficher de la catégorie
        - icon = icône à afficher au niveau du nom de la catégorie, les noms des icônes sont trouvable ici : https://feathericons.com/
        - dbName = le nom de la table SQL
        - indentifier = la colonne d'indentification (celle qui permet de trouver les informations du joueur)
    Les attributs optionnels sont :
        - indentifierType = type de l'identifieur (peut être au format d'un tableau, dans ce cas-ci il faut mettre : indentifierType="array")
        - listing = définie le type de listing (à utiliser UNIQUEMENT SI LES INFORMATIONS DU JOUEUR SONT DANS PLUSIEURS LIGNES)
                    possibilité de ne pas mettre un identifier, dans ce cas-ci toutes les valeurs seront récupérés, vous devrez mettre : listing="list"

    Pour les datas (cf exemple ci-dessous), vous avez 3 attributs, 2 obligatoires (name et dbName) et 1 optionnels (method)
        - name = nom de la donée à afficher (peut être non obligatoire si la catégorie est en listing="list")
        - icon = icône à afficher au niveau du nom de la catégorie, les noms des icônes sont trouvable ici : https://feathericons.com/
        - dbName = nom de la colonne dans la table SQL
        - method = méthod pour afficher correctement les données

    
    Les méthodes permettent d'afficher correctement vos données (de les rendre plus jolie), il se compose d'un nom de commande pour afficher correctement la donnée,
    et d'un ajout de texte (non obligatoire) avant ou après la donnée

    Exemple :
        La valeur de la donnée est 1000000, ce sont des euros
        La commande number-fr affichera la donnée de cette façon : 1000000 => 1 000 000
        L'ajout de texte add € (toujours séparé d'un espace) ajoutera € à la fin : 1 000 000 => 1 000 000 €
        Pour rajouter un texte devant, il suffit d'utiliser add-before
        La méthode s'écrira ainsi : method="number-fr=>add €" (cf exemple)
-->

<UserPanel>
    <category name="Joueur" icon="user" dbName="players" indentifier="pid">
        <data name="Nom" icon="user" dbName="name"/>
        <data name="Argent sur soi" icon="dollar-sign" dbName="cash" method="number-fr=>add €"/>
        <data name="Argent en banque" icon="briefcase" dbName="bankacc" method="number-fr=>add €"/>
        <data name="Numéro de téléphone" icon="phone" dbName="phone_number"/>
        <data name="Carnet d'adresse" icon="book-open" dbName="contact_list" method="array"/>
        <data name="Points sur les permis" icon="hash" dbName="points_data" method="array=>add point(s)"/>
        <data name="Licences civil" icon="bookmark" dbName="civ_licenses" method="array-bool"/>
        <data name="Arrivé sur le serveur" icon="clock" dbName="insert_time" method="to-date-fr"/>
        <data name="Dernière connexion" icon="clock" dbName="last_seen" method="to-date-fr"/>
        <data name="Temps joué" icon="watch" dbName="playtime" method="altislife-playtime"/>
    </category>

    <category name="Gang" icon="users" dbName="gangs" indentifier="members" indentifierType="array">
        <data name="Nom du gang" icon="user" dbName="name"/>
        <data name="Leader" icon="user" dbName="owner" method="to-playerName-steamId"/>
        <data name="Membres" icon="users" dbName="members" method="array-to-playerName-steamId"/>
        <data name="Membres maximum" icon="user-plus" dbName="maxmembers" method="action=>add membre(s)"/>
        <data name="Argent en banque" icon="briefcase" dbName="bank" method="number-fr=>add €"/>
        <data name="Date de création" icon="clock" dbName="insert_time" method="to-date-fr"/>
    </category>

    <category name="Entreprise" icon="briefcase" dbName="entreprises" indentifier="members" indentifierType="array">
        <data name="Nom de l'entreprise" icon="user" dbName="name"/>
        <data name="Nom du PDG" icon="user" dbName="pdg_name"/>
        <data name="Membres" icon="users" dbName="members" method="array-to-playerName-steamId"/>
        <data name="Type de l'entreprise" icon="paperclip" dbName="type"/>
        <data name="Date de création" icon="clock" dbName="insert_time" method="to-date-fr"/>
        <data name="Argent en banque" icon="briefcase" dbName="bankacc" method="number-fr=>add €"/>
        <data name="Stockage maximale 1" icon="archive" dbName="max_stock" method="action=>add kg"/>
        <data name="Stockage maximale 2" icon="archive" dbName="max_stock_2" method="action=>add kg"/>
    </category>
    
    <category name="Bourse" icon="shopping-cart" dbName="bourse" listing="list">
        <data dbName="itemName"/>
        <data dbName="price" method="number-fr=>add €"/>
    </category>

    <category name="Véhicules" icon="truck" dbName="vehicles" indentifier="pid" listing="list">
        <data dbName="classname"/>
        <data dbName="type"/>
        <data dbName="fuel" method="to-percent=>add-before Pourcentage de carburant -"/>
        <data dbName="custom_color" method="altislife-to-color=>add-before Couleur -"/>
        <data dbName="immatriculation" method="action=>add-before Immatriculation -"/>
    </category>
</UserPanel>